branch	sha
arc3-action-quotient-diagnostic-v1	ff2560fa92a0394e2a5480d7022914605bac336e
arc3-action-quotient-generation2-v1	2300521e4d2a78becbf85686dbfd434d7d154d58
arc3-action-quotient-reinvest-v1	c7fa8966b9ca7bd9e86d6392c068aafa50a5524d
arc3-action-quotient-stable-core-v1	fd48a1fcb807247970bf86985c6bfcc848ac742f
arc3-action-quotient-transfer-v1	4253fa4b164d3a9f2a9d2711fc0551ccef985c6e
arc3-architecture-tournament-v1	6f1e1c283b7f93dca358c4e50f0fdfc9ba9d29d9
arc3-band-reconstruct-diagnostic-v1	92320dd9256e54860a9ceb97950e5515654eca4c
arc3-border-scalar-v1	dddd50ff2da147f8584352f7d1775cf8e8f8a2e7
arc3-causal-affordance-v1	9406b0d96931e644429e8b3b547d57b9a7d08344
arc3-certified-context-quotient-v1	8c84ed5f8fef13d80cf63eef34971646af8e10d4
arc3-certified-factor-normalization-v1	bada42ea6b36782dc6339602e9a35ed6ebc101d1
arc3-certified-frontier-v1	441236456e62ac3f978c916d959c83536cb4a139
arc3-certified-interventional-quotient-v1	c0519af847b3601c855a1f7678e7d9268b2ac127
arc3-certified-requalification-v1	07fe94a80edfbb295049d4140aef14ef2b47524b
arc3-component-explore-harvest-v4	61f98e106c699f4b56e3ea7fd800a2814511e201
arc3-component-quotient-compounding-v1	2420ed6096dac9538518e4c3bc3e8b625260c014
arc3-component-quotient-compounding-v2	61a129e775b4ede9882ae39884cb21a0f8a55b0e
arc3-component-quotient-compounding-v3	65563257852a04ce31e28866a4012c6a51e3101e
arc3-consequence-acquisition-v1	838325506a7004996787cd3fd8ae29990b4eec9e
arc3-consequence-first-leaderboard-v1	69543c761e784c895f5f4e90acdb80c4eb351da2
arc3-consequence-first-stable-v2	0698da19eb7659baf09b3101c32fc3fd423a8e4b
arc3-consequential-atlas-v0	2aa2f14280e64b1fbe8524164b922f8cff2a23f2
arc3-contextual-quotient-v1	80e07c2bbf47f07826b35febf2d1b20591441604
arc3-contract-transfer-v1	44aa0d3ca028ac42709c632dbe9f83debc2a2103
arc3-ducktape-duck-v1	41092b29dcf770ba78a28f6aa64c1d9f8495baea
arc3-ducktape-metatron-v1	ee2bdcc70f1d4ca67f827d5f6ad4ebe08a76d04e
arc3-ducktape-v1	d3f0d40b64b0963e15c94d9daa7a97af216b94f5
arc3-equivalence-factor-diagnostic-v1	86ab9c26ccbe31acebc78deda300c247df03d635
arc3-evidence-portfolio-generation2-v1	ec437e04ba4ffe150b81ba5dfe4e4b0bdf3b8623
arc3-exact-evidence-portfolio-v1	62bec7279a9bfb7d1f1dcdda878d01156d501118
arc3-exact-frontier-performance-v1	0a46a6c7132360f1cc10bb29504e7e74917b8b40
arc3-exact-frontier-performance-v2	d3c0d728d535bf1a0d5d2555a406d89988f3f0f8
arc3-exact-replay-ledger-v1	1d499477e2024f052bebcdaf0b6f55f83ca4ef81
arc3-flash-action-quotient-v1	0eba7d4e4a65db44c78774002640d11cf26d48c8
arc3-flash-autonomous-v2	c3811fe0950d248af51510d2ac14f2b2e79fde4d
arc3-flash-join-v3	43b3c1f25f43bba554690069cffac66895b2addd
arc3-flash-pruned-v4	3535bc993bd24da6a704f8404f538f5eb87f69c8
arc3-flash-v1	02f644338c82467be791c1ab1c0ef1fa8104082e
arc3-ft09-5454-progression-v1	97968104856a18b5ab3bc7b76f5f6d53206de574
arc3-ft09-dynamic-bank-performance-v1	2a36a50ef23e316a17abcbecbd41cc3db2af13ce
arc3-ft09-dynamic-bank-performance-v2	aedb53ad2fb29a8ff5c1031fc9d92810327e2a52
arc3-ft09-fatal-basin-certificate-v1	4abd5a9daa072f315aee6e65abf437ac0f9de81a
arc3-ft09-fatal-chain-escape-v1	7dd1546cb33c2b23aa562422a9b10aa3e7c80904
arc3-ft09-fatal-chain-escape-v2	b7af1a38f4ebe8e67208b8aa464baa6ba41196d7
arc3-ft09-fatal-chain-escape-v3	552f64e18505377cd539c7ec366f5f516630253b
arc3-ft09-fatal-chain-escape-v4	92dc6afd3dac309c9c197c7037b95bf138d5ff8b
arc3-ft09-fatal-chain-escape-v5	85aa4a01343929fabebc101a05dd702935b72cdd
arc3-ft09-fatal-chain-escape-v6	d46ef84936cc6dc42c64a716d2304a61932a5a7c
arc3-ft09-survival-adjusted-performance-v1	647b4987f10e545616d58b0ab14aed46b0f0112f
arc3-global-flash-closure-smoke-v1	4f46ff331ea3c67c28c8817adeab8ff6cff302c5
arc3-global-flash-closure-v1	ef8e7d318475d27483efd10e869867a8d276d82c
arc3-global-flash-closure-v10	d56464ae653f94477fcb08e534e7026ae9ed3c72
arc3-global-flash-closure-v11	a33b7cca5fac89d1a8afd5aff82d2732bd058f34
arc3-global-flash-closure-v12	f295092fc62f0c0c146bd56447ddaaf64859515f
arc3-global-flash-closure-v2	b93e2411c2e1d7c6e562e350d3dbd37342e037a4
arc3-global-flash-closure-v3	3bf784ec01aa8384f15d99f5663c06354097a76a
arc3-global-flash-closure-v4	9816ab7ad17413edb7a4462e83353800fb27ec43
arc3-global-flash-closure-v5	c96e1979ab3bee1d427d596f62cc0b9fba86f4aa
arc3-global-flash-closure-v5-frozen	c96e1979ab3bee1d427d596f62cc0b9fba86f4aa
arc3-global-flash-closure-v6	c78ef852b0471669ba9f38d941b09e8846fd7bdb
arc3-global-flash-closure-v7	5f4f8aed150bbfcc9d08d6ad4fa553f5f93dfa8e
arc3-global-flash-closure-v7-frozen	5f4f8aed150bbfcc9d08d6ad4fa553f5f93dfa8e
arc3-global-flash-closure-v8	db1c096af6025b9ef5b8f75535e2f1c144ae09c9
arc3-global-flash-closure-v9	ff86529f022e19b8380608635a57bc7e1cf6fa30
arc3-grounded-interventional-v2	1d8b52eb2857cce54810bacc6d57a7a7fd819be8
arc3-interventional-bisimulation-closure-v1	a9b25c5b2d2623d26d8ba44eb82a5b9568b126cb
arc3-interventional-closure-v1	d24e3da4b1f27f759735f07c8822104d43607144
arc3-interventional-dead-component-v1	51ebf9e532ad6c9d8bae47d57d4b5d88757ec564
arc3-interventional-quotient-diagnostic-v1	002fa071b67534d12f3c870f687b64c422d7d70b
arc3-interventional-separator-probe-v1	68337fd2fc335adda067171e3d8f0af7306b3916
arc3-join-separator-v0	c52c4996c936b8b2c606c7bdf25ed32993424309
arc3-kaggle-integration-v1	846b3919f4b8cdf8e2ca414b41c7239c255419e7
arc3-latent-factor-diagnostic-v1	aea35faefe50c97ad357180e26c8734d479cecc9
arc3-ls20-certified-state-compile-v1	5e7a8bf6f48fcbe45f70b2d368c979be10a5a400
arc3-ls20-compiled-progress-v1	d3740cc5b2d40968989fab8a4cebd11a4724e571
arc3-ls20-dynamic-ledger-performance-v1	b1ec3c66d409e7a0ed9b9536762cf0a28aa6441e
arc3-ls20-ledger-performance-portfolio-v1	44e2b01d4e1a21f16f1c3e372b9f4d8283bbd4cc
arc3-ls20-ledger-performance-v1	d0da9810bc69e5f7b83815c64d833f036d4abb93
arc3-ls20-level1-deep-frontier-v1	dfcb33c5afb919d1e44391d9bd6d7fda8831d0d9
arc3-ls20-level1-deep-frontier-v2	d5f46cdf500978572d3571068c330631ffdebfd4
arc3-ls20-level1-performance-compounding-v1	844c51b4539500ddf9c7e10002213f0c2f573d2e
arc3-ls20-level1-scc-frontier-v1	501d88de2d3a23a30367b9a5868d7080d2892335
arc3-ls20-level1-scc-frontier-v2	b1f0d4c6343913bc4a43fc7b66fe6fea010c0702
arc3-ls20-level1-scc-frontier-v3	5f807d0b3114dbdc1e8e30347cd1b79dff77e09b
arc3-ls20-level1-targeted-frontier-v1	4b907cebb28027943048982df66a4d3d7ce42566
arc3-motion-model-v1	ba2dd2b40f081573ed593e89b9128d58008e4518
arc3-motion-obstruction-v2	418d1fd97d3651887749def69095d0ced29f629c
arc3-official16-v1	5445bc4523efb4b68bd2c8bf48717ef0c8a14f86
arc3-parameterized-interventional-quotient-v1	8a5be8eb569b283bbc51f7e36ea77a533bb2778a
arc3-productive-frontier-performance-v2	a5758a920b4dc3ff600df34a2ec6b6a5b8581583
arc3-qckn-flash-event-emitter-v1	94e923df0cbc4cf4d5f6108a05ebada595d30920
arc3-qckn-flash-event-emitter-v1-frozen	94e923df0cbc4cf4d5f6108a05ebada595d30920
arc3-qckn-flash-multigame-v1	bf85a25afff9c5054b76c4113a40e180b100e0af
arc3-qckn-flash-multigame-v2	86e540b2bb9a0fbb91805d3735333048d05c2a92
arc3-qckn-flash-multigame-v2-frozen	86e540b2bb9a0fbb91805d3735333048d05c2a92
arc3-qckn-flash-multigame-v3	8fc6faba693c2b730d621ce14fcb2710a69b7c61
arc3-qckn-flash-multigame-v3-frozen	8fc6faba693c2b730d621ce14fcb2710a69b7c61
arc3-qckn-flash-multigame-v4	67f1f4e8396ebcb3bbc9d9fa5f46ead6fd70cd08
arc3-qckn-flash-multigame-v4-frozen	67f1f4e8396ebcb3bbc9d9fa5f46ead6fd70cd08
arc3-qckn-flash-multigame-v5	68cf6058be4c731312a44c75d11422344132330a
arc3-qckn-flash-multigame-v5-frozen	68cf6058be4c731312a44c75d11422344132330a
arc3-quotient-frontier-v1	aa3de5b75a9d07443c47693c4c7d106daca8cc3a
arc3-real-benchmark-v1	b2f91942c5d687ae0c7a9087725e334ccd8cfce5
arc3-recurrence-factor-v1	7a903cfc6372507659ff23cab453871ca5dd2471
arc3-residual-growth-v1	d248616ca2140ecdc4155203e03c1395dce80c10
arc3-resource-dominance-diagnostic-v1	b000781007c4e7a4f4b65d29104b1608380fc79d
arc3-resource-dominance-v1	7469e7a7e7c283e1aebddb4c50aab8f21c376e4f
arc3-resource-factor-v1	b35f4f04543b7a4696656c5966fb99f13aac3e21
arc3-typed-resource-factor-v1	7ddb1288ff09c931af50011639b918d08f3407dc
arc3-world-frontier-v1	39630f4001a6845cc164e10b2707f754423b57b7
austin-capability-installation-v1	f70f92874c1c83edbc9912c0d1a9cbb77e9bb417
austin-recursive-obligation-test	1cbd6437ba3e4b0ff0ca738d60a28e4269b6fb5b
being-becoming-fixed-point-v15	eff3bee896cbd05f10c6922bc34be9771c9d8ced
clc-nonlinear-lineage-v0	900a73c1d386ee0eee1205a1cf31d270f3311ef7
consequence-compiler	54ba9a963e1fd504317b8ee86eaeb142ba731f9f
consequence-distinction-duality-v1	3efecd8dcc4d7a2ebdb5ed9e9801acc1e1ca8d89
consequential-interaction-selection	90ea5ec129d9b705337da6f006bfa4e872954f20
constitutional-failed-factorization	a22f4a266e9669294162dbe5602c4232bb03faf6
cross-domain-universal-motifs-v1	e389e2bb8f62b6df5ab40ea9f81413bca1ed87d8
cross-domain-universal-motifs-v2	9752ed4f18ff3af670d60fb5c1bf89867b6bff9c
cross-substrate-universal-motifs-v3	0e2264f1fcef11ead3c9a69ef32d824767a937e1
developmental-lyapunov-v1	108fdd89c70792745c647464a3ca64adfd2c1d19
experiment/arc-seed-discovery-v2	5a08183ae103c30a64761b81431ec82bb2499bc6
experiment/arc-seed-transfer-v1	8d2e8473bac122d13855fc976e82a5d2983bacac
experiment/arc3-archive-transfer-v1	716076371cfa187da3b0fe2f1150de03ec051f4c
experiment/arc3-closed-feedback-v1	0d6f87d5636bf252d1f2961572c23415be44f5ba
experiment/arc3-compact-v1	45776d4d09cb58353ece568d16a0674267ee9aea
experiment/arc3-consequence-kernel-v1	eb0928e123ec19a7b8d37bb147c8fda558f640ca
experiment/arc3-consequence-search-v1	23e66b483c01b1235821eb2b25a9c4bd4a867521
experiment/arc3-consequence-selection-v1	2743b687d1be591485409de2c8a4e0fba62a931f
experiment/arc3-cross-game-transfer-v1	1fb4d6f9da69a9aab15c69406150d2e49ac342c4
experiment/arc3-delayed-separator-v1	aa1e7707f417c12b9149946d9518a8fe1fe8dac5
experiment/arc3-frozen-transfer-v1	f067e6ab6b756a0e5fe428c222accdb77b0f113c
experiment/arc3-level4-residual-v1	acef113bad78ad4d7aba38c0696f23ab00e5bab7
experiment/arc3-parameterized-actions-v1	68e37033f3ae1e86e992dfe8d982aef9133612aa
experiment/arc3-probe-exploration-v1	dd567ec83c044da46fb1a44dd39c5ffc2c397929
experiment/arc3-stage4-residual-v1	40b3eeed95f521e6e34009477d02c95a6f833b05
experiment/arc3-stage4-separator-v2	5215bbc63fb533fcfbd76c966ae9d1d8de88f9ea
experiment/arc3-unrestricted-prefix-search-v1	d19902a3c08980dbb94a77e51bdcbee454bfe387
experiment/clc-closed-loop-behavior-v1	1d853e9847ca2f0aceb78ac0dbd88d7d02bf3ff8
experiment/composite-residual-repair-v1	1fe0bdef10d2a00a0b72aff6ffc99ed7505c266e
experiment/continuous-two-repair-qualification-v1	f5e8a7427918639d2a044a800cbc08b7d820d9c1
experiment/executable-lean-tight-loop	fd0708c7e05349aeec4dd8ca7c0892bf241482fa
experiment/grammar-genesis-v1	b7bf404518d492d62f12d5182e8ab88a3b522496
experiment/independent-genesis-validation-v1	448190de0faa0481b0b9f040545682e93b79ba1d
experiment/inferred-recurrence-v1	bbe67850cc14efc5d58d2c53439462744bfb125e
experiment/policy-constraint-derivation-v1	9373aeed51fee50b1c65100d88e324d94a0431b4
experiment/proof-carrying-obligation-v1	babefa381499e8b0883cd09e5673c2920ac3c23e
experiment/proof-carrying-stress-20260909	120350cd8ba377764003c6e4ea7341076d4c652c
experiment/recoverability-model-genesis	ebc6b52ff1339dafb74ec4a9d90698756983aebd
experiment/replay-gated-promotion-v1	4f03be5acc34ce23775c19cd7f291ba001bf8b67
experiment/shared-runtime-arc3-transfer-v1	31063b89f23423c0b47f25dfa10063a2db26b1d7
experiment/shared-schema-runtime-bridge-v1	bc59cda805f141b6cf3aecc02e926edb90f68d67
experiment/unified-arc3-continuation-v1	1fd841ce490790b73a436dbc1c3f3c06c11921be
experiment/unified-arc3-multilevel-v1	ef718042107d054b175ee62ef2b332eae9218dc0
experiment/unified-arc3-transfer-v1	ab32c4ba719e57d982c09c39ee921d33a7b7b33e
experiment/unified-consequence-loop-v1	9bfa646373408579e0c2f217faac5f7925c85ecc
g20-cube-verifier-repair	a097d08f245f93dc34e76809cde4bc641a867a41
gate1-v1-v2-integration	8ed973053c03ea2efd08d47f94ba14ca0461bd56
gate2-live-integration-8ed9730	a9ebb1492f3c218911267d1139041fab1078772f
grammar-genesis-v1	46dde6647d8e264c0f0abc00ba6770d32b81603f
kernel-purification-cycle-1	b3714928de3584acee3fd3a3eeabdac263dd0578
main	5d448c0ecc82ff3945d009963064ebbb67d2f308
minimum-calculus-self-audit	ad83daa2320a55b6a5470127a4e6a640bcb307ae
minimum-calculus-tournament	70ad4d7396c912d9a05298001f7ef3beb19e6800
msi/endogenous-grammar-expansion-v1	b6995c746e95a58a2a0d8aef0ad2d6729fe9a068
msi/lean-proof-operator-genesis-v1	83df6a262156814230c9200f0f05972770b1aae4
msi/lean-proof-term-genesis-v1	e10dd6919082f9ade70e460f6770af8757acb8c8
msi/multilevel-self-expansion-v1	da30b6f898a2e3e354bc658a9b82b2ed397f6f6f
msi/residual-derived-schema-genesis-v1	e83d71fe29635ebea667266c1bafd3d540a04959
msi/residual-invents-interface-shape-v1	2e72312356146c537b638894637019bfb57db444
msi/residual-invents-new-node-type-v1	235d2e729f4d59885bcb088a6ac2bc2b338d0085
msi/residual-synthesizes-new-probe-v1	eb72eabc22a215d4d619a932f53bd24de53e1bb6
msi/unscripted-constructor-family-genesis-v1	7f962c53da728045ea8455976b9a4ee93c953ead
msi/verified-development-theorem-v1	c7e783d248bd43c1af6669c521c388842ebbb6db
msikernel-groundup-v0	93e90dc2dc6c74b49c1a975ce689e3d519e83723
natural-orbit-genesis-v1	b15fd24ef0b2a3501ab097432e3f7f962736989e
natural-orbit-ultimate-genesis-v3	c021cef29006d8300ee3f16ce4c815fef2e05a62
noncyclic-convergent-concept-genesis-v1	d2c24479f761157dd6b9699f947d51863aa8316e
nucleus-free-warranted-completion-v0	486fecd8d33d38a4765284c2a7a0a64184742d43
nucleus-universal-property-v0	c9b3c82b367d9612f94bea3ce5446ffc0728c35d
periodic-table-reasoning-v1	8f2e1c307709dd4a9ff571d5c31c27360c28967c
periodic-table-reasoning-v3	111b3eb1c76c52f96462fc5c24731f351210f913
periodic-table-reasoning-v3-free-representation	ca35a338edd21e6062c169d89885cf8abc9320c6
proof-carrying-developmental-computer-v0	4425591155b3f6523c7b8aacbb48958f197b2bbb
purify-developmental-kernel-v1	9f8e6a227da3b7dbb5eca9df6005001e93ac8668
qck-core-v1	da83a534ef793999eea6bac3eadad1c2b80aba23
qck-finite-linear-v1	21a712cbe64a8a91a288acc0b4f6e1f5d74cec9a
qck-unified-v1	fc112771bd0a24e40e31e4eaef61ca0442103dd4
qck-v1-documentation	baef39cd7b32c860e2d7aa80a95f3826b8a52738
qck-v1-frozen	fc112771bd0a24e40e31e4eaef61ca0442103dd4
qck-v1-migration	51ea5ab8121099173bc8d4edb6c83a5bcb7f3fb1
qckn-adapter-v1-frozen	51ea5ab8121099173bc8d4edb6c83a5bcb7f3fb1
recursive-development-frontier-v1	273caa5df62f50df883428c45e9be1fb3ad89128
recursive-discovery-compiler-v1	1a8e59d40c21ae8f621e933c858e2d4f794da293
recursive-discovery-compiler-v2-live-attachment	a348060b8f335831d20cdc0ec0880cea62c57589
recursive-process-compounding	1f4f59f7e24a64f4db16df56417cc407aa99f52c
remove-finite-open-development-v16	4ec71efd5e931f48160398e1cc21e1aa22f4d175
residual-driven-realizer-synthesis	5d682d1da72010b269be2fcdf1a3149100ae81f3
resource-indexed-consequence-v1	aca4029ba53d8809bce1b833c69d4950273bbf09
rgrs/operational-quotient-refinement	ed6ca459d290a4c6b870df515fb606377b5a9626
rgrs/residual-ontology-genesis	28a473e232da23792f04e39d9cfcf03ae2d65105
rgrs/residual-ontology-genesis-positive-universe	a774c86e4e88bcdc4b815fe77657a7e1bf947165
rgrs/universe-genesis-positive	acc5b683ec52cb47f6bcd2af9f7b1e4af69cca93
same-operator-different-mathematics-v16	0a33bafcfec4873e4f6c264d505a038c92bb483b
self-recognizing-closure-v16	a98fd0d4ee873513cb6fb7a616bf3edc3977f210
settlement-frozen-controller-final-boss	f6285a1562e2364f1e8116e4a0118c521ef6260c
ship-boundary-dose-mathlib	5157d8c900df2690668e5ed93fb31554936745ea
structure-under-consequence-autonomous-v13	208cd3260849f3c301969abd8ddcae56c3904306
verified-recursive-workflow-optimizer-v1	ca27fe55ab13e3e5eb2fffcf08893d8041e4b907
